id;uid;aadhar_number;age;barcode;beneficiary_activity_status;beneficiary_type;category;date_of_birth;education_level;employment_status;other_employment_status;first_name;gender;is_plhiv;last_name;marital_status;middle_name;mobile_number;occupation;status;created_by;created_time;modified_by;modified_time;is_active;is_delete
1;Assistant;Chief Pike;incentivize Handmade Money Market Account;Handmade;wireless;Ball Reduced;Refined Wooden Soap Somoni;2020-04-22;SCSI bi-directional;payment invoice Danish Krone;Buckinghamshire;Melany;e-business;false;Emard;Agent;copying;Liaison Concrete Concrete;bandwidth Cotton Bahraini Dinar;Shores killer;71544;2020-04-22;17657;2020-04-22;true;false
2;Borders Orchestrator;Latvian Lats;override Borders Fresh;solid state back-end card;Bedfordshire bricks-and-clicks;online Savings Account;Health standardization Tasty;2020-04-22;input;Cambridgeshire;Connecticut synthesizing Auto Loan Account;Cristobal;Guyana Dollar copy Analyst;false;Walsh;world-class transmitting global;SDR sky blue Accounts;Executive Alaska Arizona;tangible Indian Rupee Ngultrum;blue;397;2020-04-23;21108;2020-04-23;true;true
3;visualize auxiliary synthesize;Russian Ruble;Human Avon Wyoming;Beauty;User-centric object-oriented parallelism;Cambridgeshire Tools;quantifying EXE Internal;2020-04-22;fuchsia Towels Fully-configurable;Handcrafted Home;National Buckinghamshire Accounts;Yvette;Clothing quantify;true;Zieme;impactful generate;Arizona Small Concrete Gloves;optical Accountability bottom-line;invoice solid state;Bacon Legacy functionalities;59126;2020-04-23;33259;2020-04-22;false;true
4;back up Automotive connect;Savings Account;reinvent;Ergonomic;quantify North Korean Won invoice;Fort THX User-friendly;Designer;2020-04-22;Arizona;Estonia withdrawal Intranet;parse;Ocie;Usability models New Jersey;true;Jerde;Handmade;Optional California Forward;Response;Handmade Licensed;methodologies;46898;2020-04-23;72190;2020-04-22;false;true
5;Mobility copying;intuitive Shirt;Metal invoice;Unbranded Liaison;matrix Realigned AGP;Keyboard Cambridgeshire brand;Focused Principal quantify;2020-04-22;project;Tuna;cross-platform;Corine;withdrawal supply-chains XSS;true;Herman;Bedfordshire red Sports;turquoise;National;Electronics;copy Shirt pixel;96454;2020-04-23;79832;2020-04-22;true;true
6;Credit Card Account well-modulated Gorgeous Metal Hat;Western Sahara navigating;digital synthesize;Jewelery Bosnia and Herzegovina;incentivize functionalities aggregate;copy transmit;AGP Buckinghamshire;2020-04-23;intuitive 1080p;Creative Nebraska transmitter;model moratorium open-source;Dee;Streets Personal Loan Account Practical Fresh Towels;true;Parker;Junction system;Avon;Sleek Metal Ball Burg;Generic;Chicken;84660;2020-04-23;45825;2020-04-23;true;true
7;Pizza Tasty Cambridgeshire;card Court Berkshire;Seychelles;capacitor Operations azure;Intelligent Concrete Ball;circuit Auto Loan Account application;invoice;2020-04-22;Director;Rustic Mouse;United Kingdom;Adolphus;encompassing Borders;true;Fahey;Fantastic;Checking Account;turn-key Soft;override rich throughput;deposit payment;89002;2020-04-23;12682;2020-04-22;true;false
8;schemas groupware;Rustic Montana;primary SDD info-mediaries;Operations;Tunnel transmitter Incredible Granite Computer;Towels pricing structure;index;2020-04-22;Greenland Supervisor Bangladesh;Group Views Concrete;UIC-Franc;Michelle;EXE Mouse harness;false;Haley;Shoes leading edge Team-oriented;world-class;Frozen Kiribati complexity;Intelligent Iceland;Operations Florida scale;68692;2020-04-22;46176;2020-04-23;false;false
9;connecting Berkshire;Pakistan auxiliary Metical;Arkansas Networked;Rustic;SCSI neural;Cotton Personal Loan Account;haptic supply-chains 24/7;2020-04-22;Managed Berkshire Wooden;Sudanese Pound;transition optimal;Murl;Licensed Spur microchip;false;Howe;deliverables interface;Investment Account Proactive Steel;fuchsia violet payment;Representative leverage Ergonomic Concrete Keyboard;withdrawal programming innovative;28949;2020-04-22;95449;2020-04-22;true;true
10;Incredible;Denar Towels ROI;Palestinian Territory;user-facing magnetic Coordinator;firewall firewall Salad;e-commerce;teal;2020-04-22;Rustic;Egyptian Pound strategic Saudi Riyal;customized;Ted;Metal orange;true;Ebert;Michigan compress;Investment Account Fish hacking;Dong Supervisor HTTP;synergistic protocol tan;Iowa quantify Key;86447;2020-04-23;28653;2020-04-22;true;true
